<application>
  <component name="DesignSurface">
    <option name="filePathToZoomLevelMap">
      <map>
        <entry key="../../../../layout/custom_preview.xml" value="0.1" />
        <entry key="../../.gradle/caches/transforms-2/files-2.1/3bf3344e34e4c5ce878ddc257c539f7c/jetified-wfw/res/layout/alert_dialog.xml" value="0.26458333333333334" />
        <entry key="app/src/main/res/drawable-v23/layer_tab_indicator.xml" value="0.24351851851851852" />
        <entry key="app/src/main/res/drawable/layer_tab_indicator.xml" value="0.24351851851851852" />
        <entry key="app/src/main/res/drawable/selector_vehicle_viewpager_navigation.xml" value="0.2875" />
        <entry key="app/src/main/res/drawable/shape_banner_selector_car_showroom.xml" value="0.2875" />
        <entry key="app/src/main/res/drawable/shape_banner_unsected_showroom.xml" value="0.2875" />
        <entry key="app/src/main/res/drawable/shape_banner_unselected_showroom.xml" value="0.2875" />
        <entry key="app/src/main/res/drawable/shape_love_card_bg.xml" value="0.2875" />
        <entry key="app/src/main/res/drawable/shape_mall_indicator_selecter.xml" value="0.2875" />
        <entry key="app/src/main/res/drawable/shape_mall_indicator_unselected.xml" value="0.2875" />
        <entry key="app/src/main/res/drawable/shape_round_2_white.xml" value="0.2875" />
        <entry key="app/src/main/res/drawable/shape_round_4.xml" value="0.2875" />
        <entry key="app/src/main/res/drawable/shape_round_4_blue_13.xml" value="0.2806304016268429" />
        <entry key="app/src/main/res/drawable/shape_round_4_gray_28.xml" value="0.2806304016268429" />
        <entry key="app/src/main/res/drawable/shape_round_4_white_20.xml" value="0.2875" />
        <entry key="app/src/main/res/layout/activity_bh.xml" value="0.2682291666666667" />
        <entry key="app/src/main/res/layout/activity_group.xml" value="0.2682291666666667" />
        <entry key="app/src/main/res/layout/activity_group_addition.xml" value="0.2682291666666667" />
        <entry key="app/src/main/res/layout/activity_home.xml" value="0.26458333333333334" />
        <entry key="app/src/main/res/layout/activity_invite_friend.xml" value="0.26458333333333334" />
        <entry key="app/src/main/res/layout/activity_main.xml" value="0.22407407407407406" />
        <entry key="app/src/main/res/layout/activity_shop_detail.xml" value="0.265625" />
        <entry key="app/src/main/res/layout/activity_view_pager.xml" value="0.26614583333333336" />
        <entry key="app/src/main/res/layout/fragment_banner_q_t.xml" value="0.2786458333333333" />
        <entry key="app/src/main/res/layout/fragment_banner_qt.xml" value="0.26458333333333334" />
        <entry key="app/src/main/res/layout/fragment_car_banner1.xml" value="0.26458333333333334" />
        <entry key="app/src/main/res/layout/fragment_car_banner2.xml" value="0.26458333333333334" />
        <entry key="app/src/main/res/layout/fragment_car_showrooms.xml" value="0.3798296680559356" />
        <entry key="app/src/main/res/layout/fragment_control_vehicle.xml" value="0.26458333333333334" />
        <entry key="app/src/main/res/layout/fragment_four_new.xml" value="0.26458333333333334" />
        <entry key="app/src/main/res/layout/fragment_four_second.xml" value="0.26458333333333334" />
        <entry key="app/src/main/res/layout/fragment_main_explore.xml" value="0.26458333333333334" />
        <entry key="app/src/main/res/layout/fragment_main_meet.xml" value="0.21296296296296297" />
        <entry key="app/src/main/res/layout/fragment_q_t2.xml" value="0.3229166666666667" />
        <entry key="app/src/main/res/layout/fragment_vehicle_mall.xml" value="0.265625" />
        <entry key="app/src/main/res/layout/fragment_vp_banner.xml" value="0.26614583333333336" />
        <entry key="app/src/main/res/layout/fragment_vp_banner2.xml" value="0.26458333333333334" />
        <entry key="app/src/main/res/layout/fragment_vp_banner3.xml" value="0.26458333333333334" />
        <entry key="app/src/main/res/layout/item_banner_image_title.xml" value="0.26458333333333334" />
        <entry key="app/src/main/res/layout/item_device_list.xml" value="0.2682291666666667" />
        <entry key="app/src/main/res/layout/item_no_bind_vehicle.xml" value="0.265625" />
        <entry key="app/src/main/res/layout/item_office_zone.xml" value="0.5352027782730406" />
        <entry key="app/src/main/res/layout/layout_tab.xml" value="0.265625" />
        <entry key="app/src/main/res/layout/listitem_shop_main_list.xml" value="0.26458333333333334" />
        <entry key="app/src/main/res/layout/listitem_shop_main_list_grid.xml" value="0.26458333333333334" />
        <entry key="app/src/main/res/layout/vehicle_top.xml" value="0.26458333333333334" />
        <entry key="app/src/main/res/layout/view_vehicle_mall_indicator.xml" value="0.265625" />
        <entry key="app/src/main/res/menu/navigation.xml" value="0.26614583333333336" />
        <entry key="apphelper/src/main/res/drawable/selector_audio_play.xml" value="0.2890625" />
        <entry key="apphelper/src/main/res/layout/activity_authenticator.xml" value="0.24739583333333334" />
        <entry key="apphelper/src/main/res/layout/banner_indicator.xml" value="0.26458333333333334" />
        <entry key="apphelper/src/main/res/layout/base_banner.xml" value="0.26614583333333336" />
      </map>
    </option>
  </component>
</application>