<application>
  <component name="DesignSurface">
    <option name="filePathToZoomLevelMap">
      <map>
        <entry key="../../../../layout/custom_preview.xml" value="0.1" />
        <entry key="../../.gradle/caches/transforms-2/files-2.1/3bf3344e34e4c5ce878ddc257c539f7c/jetified-wfw/res/layout/alert_dialog.xml" value="0.26458333333333334" />
        <entry key="..\:/Works/LoopSwitch/app/src/main/res/layout/activity_main.xml" value="0.1" />
        <entry key="..\:/Works/StudioWorks/App/app/src/main/res/layout/activity_animation_map.xml" value="0.19114583333333332" />
        <entry key="..\:/Works/StudioWorks/App/app/src/main/res/layout/activity_app_lifecycle.xml" value="0.19114583333333332" />
        <entry key="..\:/Works/StudioWorks/App/app/src/main/res/layout/activity_bh.xml" value="0.15925925925925927" />
        <entry key="..\:/Works/StudioWorks/App/app/src/main/res/layout/activity_demo_map.xml" value="0.19114583333333332" />
        <entry key="..\:/Works/StudioWorks/App/app/src/main/res/layout/activity_joint_view.xml" value="0.19114583333333332" />
        <entry key="..\:/Works/StudioWorks/App/app/src/main/res/layout/activity_kotlin_map.xml" value="0.1" />
        <entry key="..\:/Works/StudioWorks/App/app/src/main/res/layout/activity_location.xml" value="0.19114583333333332" />
        <entry key="..\:/Works/StudioWorks/App/app/src/main/res/layout/activity_locatoin.xml" value="0.1" />
        <entry key="..\:/Works/StudioWorks/App/app/src/main/res/layout/activity_main.xml" value="0.19114583333333332" />
        <entry key="..\:/Works/StudioWorks/App/app/src/main/res/layout/activity_paging.xml" value="0.1" />
        <entry key="..\:/Works/StudioWorks/App/app/src/main/res/layout/activity_view_map.xml" value="0.19114583333333332" />
        <entry key="..\:/Works/StudioWorks/App/app/src/main/res/layout/activity_view_pager.xml" value="0.4" />
        <entry key="..\:/Works/StudioWorks/App/app/src/main/res/layout/fragment_todo.xml" value="0.19114583333333332" />
        <entry key="..\:/Works/StudioWorks/App/app/src/main/res/layout/fragment_vp_banner.xml" value="0.19114583333333332" />
        <entry key="..\:/Works/StudioWorks/App/app/src/main/res/layout/fragment_vp_banner2.xml" value="0.19114583333333332" />
        <entry key="..\:/Works/StudioWorks/App/app/src/main/res/layout/fragment_vp_banner3.xml" value="0.19114583333333332" />
        <entry key="..\:/Works/StudioWorks/App/app/src/main/res/layout/fragment_vp_banner4.xml" value="0.19114583333333332" />
        <entry key="..\:/Works/StudioWorks/App/app/src/main/res/layout/fragment_vp_banner5.xml" value="0.19114583333333332" />
        <entry key="..\:/Works/StudioWorks/App/app/src/main/res/layout/item_app_licycle.xml" value="0.264" />
        <entry key="..\:/Works/StudioWorks/App/apphelper/src/main/res/layout/activity_base_title.xml" value="0.13020833333333334" />
        <entry key="..\:/Works/StudioWorks/App/apphelper/src/main/res/layout/base_banner.xml" value="0.19114583333333332" />
        <entry key="..\:/Works/StudioWorks/App/apphelper/src/main/res/layout/base_title.xml" value="0.19114583333333332" />
        <entry key="..\:/Works/StudioWorks/App/apphelper/src/main/res/layout/base_title_activity.xml" value="0.2" />
        <entry key="..\:/Works/StudioWorks/BdEnglish/app/src/main/res/layout/fragment_personal.xml" value="0.4" />
        <entry key="..\:/Works/StudioWorks/BdEnglish/app/src/main/res/layouts/course/layout/activity_user_info.xml" value="0.19114583333333332" />
        <entry key="..\:/Works/StudioWorks/BdEnglish/app/src/main/res/layouts/course/layout/dialog_loading.xml" value="0.19114583333333332" />
        <entry key="..\:/Works/StudioWorks/zhgj-android/Eu5PlusLibrary/src/main/res/drawable/ic_love_card_ota.xml" value="0.2140625" />
        <entry key="..\:/Works/StudioWorks/zhgj-android/app/src/main/res/layout/activity_face_authentication.xml" value="0.19114583333333332" />
        <entry key="..\:/Works/StudioWorks/zhgj-android/app/src/main/res/layout/activity_home.xml" value="0.19114583333333332" />
        <entry key="..\:/Works/StudioWorks/zhgj-android/app/src/main/res/layout/fragment_car_banner1.xml" value="0.19114583333333332" />
        <entry key="..\:/Works/StudioWorks/zhgj-android/app/src/main/res/layout/fragment_car_showrooms.xml" value="0.19114583333333332" />
        <entry key="..\:/Works/StudioWorks/zhgj-android/app/src/main/res/layout/fragment_four_new.xml" value="0.22479721900347624" />
        <entry key="..\:/Works/StudioWorks/zhgj-android/app/src/main/res/layout/fragment_service.xml" value="0.19114583333333332" />
        <entry key="..\:/Works/StudioWorks/zhgj-android/app/src/main/res/layout/fragment_vehicle_mall.xml" value="0.19114583333333332" />
        <entry key="..\:/Works/StudioWorks/zhgj-android/app/src/main/res/layout/item_no_bind_vehicle.xml" value="0.23564064801178203" />
        <entry key="..\:/Works/StudioWorks/zhgj-android/app/src/main/res/layout/item_no_vehicle_banner.xml" value="0.15185185185185185" />
        <entry key="..\:/Works/StudioWorks/zhgj-android/app/src/main/res/layout/item_vehicle_service.xml" value="0.264" />
        <entry key="..\:/Works/StudioWorks/zhgj-android/app/src/main/res/layout/layout_main_tab_bottom.xml" value="0.2" />
        <entry key="..\:/Works/StudioWorks/zhgj-android/app/src/main/res/layout/owner_service.xml" value="0.17777777777777778" />
        <entry key="..\:/Works/StudioWorks/zhgj-android/app/src/main/res/layout/vehicle_top.xml" value="0.19114583333333332" />
        <entry key="app/src/main/res/drawable-v23/layer_tab_indicator.xml" value="0.24351851851851852" />
        <entry key="app/src/main/res/drawable/layer_tab_indicator.xml" value="0.24351851851851852" />
        <entry key="app/src/main/res/drawable/selector_vehicle_viewpager_navigation.xml" value="0.2875" />
        <entry key="app/src/main/res/drawable/shape_banner_selector_car_showroom.xml" value="0.2875" />
        <entry key="app/src/main/res/drawable/shape_banner_unsected_showroom.xml" value="0.2875" />
        <entry key="app/src/main/res/drawable/shape_banner_unselected_showroom.xml" value="0.2875" />
        <entry key="app/src/main/res/drawable/shape_love_card_bg.xml" value="0.2875" />
        <entry key="app/src/main/res/drawable/shape_mall_indicator_selecter.xml" value="0.2875" />
        <entry key="app/src/main/res/drawable/shape_mall_indicator_unselected.xml" value="0.2875" />
        <entry key="app/src/main/res/drawable/shape_round_2_white.xml" value="0.2875" />
        <entry key="app/src/main/res/drawable/shape_round_4.xml" value="0.2875" />
        <entry key="app/src/main/res/drawable/shape_round_4_blue_13.xml" value="0.2806304016268429" />
        <entry key="app/src/main/res/drawable/shape_round_4_gray_28.xml" value="0.2806304016268429" />
        <entry key="app/src/main/res/drawable/shape_round_4_white_20.xml" value="0.2875" />
        <entry key="app/src/main/res/layout/activity_bh.xml" value="0.2682291666666667" />
        <entry key="app/src/main/res/layout/activity_group.xml" value="0.2682291666666667" />
        <entry key="app/src/main/res/layout/activity_group_addition.xml" value="0.2682291666666667" />
        <entry key="app/src/main/res/layout/activity_home.xml" value="0.26458333333333334" />
        <entry key="app/src/main/res/layout/activity_invite_friend.xml" value="0.26458333333333334" />
        <entry key="app/src/main/res/layout/activity_main.xml" value="0.22407407407407406" />
        <entry key="app/src/main/res/layout/activity_shop_detail.xml" value="0.265625" />
        <entry key="app/src/main/res/layout/activity_view_pager.xml" value="0.26614583333333336" />
        <entry key="app/src/main/res/layout/fragment_banner_q_t.xml" value="0.2786458333333333" />
        <entry key="app/src/main/res/layout/fragment_banner_qt.xml" value="0.26458333333333334" />
        <entry key="app/src/main/res/layout/fragment_car_banner1.xml" value="0.26458333333333334" />
        <entry key="app/src/main/res/layout/fragment_car_banner2.xml" value="0.26458333333333334" />
        <entry key="app/src/main/res/layout/fragment_car_showrooms.xml" value="0.3798296680559356" />
        <entry key="app/src/main/res/layout/fragment_control_vehicle.xml" value="0.26458333333333334" />
        <entry key="app/src/main/res/layout/fragment_four_new.xml" value="0.26458333333333334" />
        <entry key="app/src/main/res/layout/fragment_four_second.xml" value="0.26458333333333334" />
        <entry key="app/src/main/res/layout/fragment_main_explore.xml" value="0.26458333333333334" />
        <entry key="app/src/main/res/layout/fragment_main_meet.xml" value="0.21296296296296297" />
        <entry key="app/src/main/res/layout/fragment_q_t2.xml" value="0.3229166666666667" />
        <entry key="app/src/main/res/layout/fragment_vehicle_mall.xml" value="0.265625" />
        <entry key="app/src/main/res/layout/fragment_vp_banner.xml" value="0.26614583333333336" />
        <entry key="app/src/main/res/layout/fragment_vp_banner2.xml" value="0.26458333333333334" />
        <entry key="app/src/main/res/layout/fragment_vp_banner3.xml" value="0.26458333333333334" />
        <entry key="app/src/main/res/layout/item_banner_image_title.xml" value="0.26458333333333334" />
        <entry key="app/src/main/res/layout/item_device_list.xml" value="0.2682291666666667" />
        <entry key="app/src/main/res/layout/item_no_bind_vehicle.xml" value="0.265625" />
        <entry key="app/src/main/res/layout/item_office_zone.xml" value="0.5352027782730406" />
        <entry key="app/src/main/res/layout/layout_tab.xml" value="0.265625" />
        <entry key="app/src/main/res/layout/listitem_shop_main_list.xml" value="0.26458333333333334" />
        <entry key="app/src/main/res/layout/listitem_shop_main_list_grid.xml" value="0.26458333333333334" />
        <entry key="app/src/main/res/layout/vehicle_top.xml" value="0.26458333333333334" />
        <entry key="app/src/main/res/layout/view_vehicle_mall_indicator.xml" value="0.265625" />
        <entry key="app/src/main/res/menu/navigation.xml" value="0.26614583333333336" />
        <entry key="apphelper/src/main/res/drawable/selector_audio_play.xml" value="0.2890625" />
        <entry key="apphelper/src/main/res/layout/activity_authenticator.xml" value="0.24739583333333334" />
        <entry key="apphelper/src/main/res/layout/banner_indicator.xml" value="0.26458333333333334" />
        <entry key="apphelper/src/main/res/layout/base_banner.xml" value="0.26614583333333336" />
      </map>
    </option>
  </component>
</application>