<application>
  <component name="ProjectJdkTable">
    <jdk version="2">
      <name value="Kotlin SDK" />
      <type value="KotlinSDK" />
      <homePath value="$KOTLIN_BUNDLED$" />
      <roots>
        <annotationsPath>
          <root type="composite" />
        </annotationsPath>
        <classPath>
          <root type="composite" />
        </classPath>
        <javadocPath>
          <root type="composite" />
        </javadocPath>
        <sourcePath>
          <root type="composite" />
        </sourcePath>
      </roots>
      <additional />
    </jdk>
    <jdk version="2">
      <name value="1.8" />
      <type value="JavaSDK" />
      <version value="java version &quot;1.8.0_281&quot;" />
      <homePath value="D:/software/JDK8" />
      <roots>
        <annotationsPath>
          <root type="composite">
            <root url="jar://$APPLICATION_HOME_DIR$/plugins/java/lib/jdkAnnotations.jar!/" type="simple" />
          </root>
        </annotationsPath>
        <classPath>
          <root type="composite">
            <root url="jar://D:/software/JDK8/jre/lib/charsets.jar!/" type="simple" />
            <root url="jar://D:/software/JDK8/jre/lib/deploy.jar!/" type="simple" />
            <root url="jar://D:/software/JDK8/jre/lib/ext/access-bridge-64.jar!/" type="simple" />
            <root url="jar://D:/software/JDK8/jre/lib/ext/cldrdata.jar!/" type="simple" />
            <root url="jar://D:/software/JDK8/jre/lib/ext/dnsns.jar!/" type="simple" />
            <root url="jar://D:/software/JDK8/jre/lib/ext/jaccess.jar!/" type="simple" />
            <root url="jar://D:/software/JDK8/jre/lib/ext/jfxrt.jar!/" type="simple" />
            <root url="jar://D:/software/JDK8/jre/lib/ext/localedata.jar!/" type="simple" />
            <root url="jar://D:/software/JDK8/jre/lib/ext/nashorn.jar!/" type="simple" />
            <root url="jar://D:/software/JDK8/jre/lib/ext/sunec.jar!/" type="simple" />
            <root url="jar://D:/software/JDK8/jre/lib/ext/sunjce_provider.jar!/" type="simple" />
            <root url="jar://D:/software/JDK8/jre/lib/ext/sunmscapi.jar!/" type="simple" />
            <root url="jar://D:/software/JDK8/jre/lib/ext/sunpkcs11.jar!/" type="simple" />
            <root url="jar://D:/software/JDK8/jre/lib/ext/zipfs.jar!/" type="simple" />
            <root url="jar://D:/software/JDK8/jre/lib/javaws.jar!/" type="simple" />
            <root url="jar://D:/software/JDK8/jre/lib/jce.jar!/" type="simple" />
            <root url="jar://D:/software/JDK8/jre/lib/jfr.jar!/" type="simple" />
            <root url="jar://D:/software/JDK8/jre/lib/jfxswt.jar!/" type="simple" />
            <root url="jar://D:/software/JDK8/jre/lib/jsse.jar!/" type="simple" />
            <root url="jar://D:/software/JDK8/jre/lib/management-agent.jar!/" type="simple" />
            <root url="jar://D:/software/JDK8/jre/lib/plugin.jar!/" type="simple" />
            <root url="jar://D:/software/JDK8/jre/lib/resources.jar!/" type="simple" />
            <root url="jar://D:/software/JDK8/jre/lib/rt.jar!/" type="simple" />
          </root>
        </classPath>
        <javadocPath>
          <root type="composite" />
        </javadocPath>
        <sourcePath>
          <root type="composite">
            <root url="jar://D:/software/JDK8/src.zip!/" type="simple" />
            <root url="jar://D:/software/JDK8/javafx-src.zip!/" type="simple" />
          </root>
        </sourcePath>
      </roots>
      <additional />
    </jdk>
    <jdk version="2">
      <name value="Android API 28 Platform" />
      <type value="Android SDK" />
      <version value="java version &quot;1.8.0_281&quot;" />
      <homePath value="D:/software/AndroidStudio/SDK" />
      <roots>
        <annotationsPath>
          <root type="composite">
            <root url="jar://D:/software/AndroidStudio/Sdk/platforms/android-28/data/annotations.zip!/" type="simple" />
          </root>
        </annotationsPath>
        <classPath>
          <root type="composite">
            <root url="jar://D:/software/AndroidStudio/Sdk/platforms/android-28/android.jar!/" type="simple" />
            <root url="file://D:/software/AndroidStudio/Sdk/platforms/android-28/data/res" type="simple" />
          </root>
        </classPath>
        <javadocPath>
          <root type="composite">
            <root url="http://developer.android.com/reference/" type="simple" />
          </root>
        </javadocPath>
        <sourcePath>
          <root type="composite" />
        </sourcePath>
      </roots>
      <additional jdk="1.8" sdk="android-28" />
    </jdk>
    <jdk version="2">
      <name value="Android API 29 Platform" />
      <type value="Android SDK" />
      <version value="java version &quot;1.8.0_281&quot;" />
      <homePath value="D:/software/AndroidStudio/SDK" />
      <roots>
        <annotationsPath>
          <root type="composite">
            <root url="jar://D:/software/AndroidStudio/Sdk/platforms/android-29/data/annotations.zip!/" type="simple" />
          </root>
        </annotationsPath>
        <classPath>
          <root type="composite">
            <root url="jar://D:/software/AndroidStudio/Sdk/platforms/android-29/android.jar!/" type="simple" />
            <root url="file://D:/software/AndroidStudio/Sdk/platforms/android-29/data/res" type="simple" />
          </root>
        </classPath>
        <javadocPath>
          <root type="composite" />
        </javadocPath>
        <sourcePath>
          <root type="composite">
            <root url="file://D:/software/AndroidStudio/Sdk/sources/android-29" type="simple" />
          </root>
        </sourcePath>
      </roots>
      <additional jdk="1.8" sdk="android-29" />
    </jdk>
    <jdk version="2">
      <name value="Android API 30 Platform" />
      <type value="Android SDK" />
      <version value="java version &quot;1.8.0_281&quot;" />
      <homePath value="D:/software/AndroidStudio/SDK" />
      <roots>
        <annotationsPath>
          <root type="composite">
            <root url="jar://D:/software/AndroidStudio/Sdk/platforms/android-30/data/annotations.zip!/" type="simple" />
          </root>
        </annotationsPath>
        <classPath>
          <root type="composite">
            <root url="jar://D:/software/AndroidStudio/Sdk/platforms/android-30/android.jar!/" type="simple" />
            <root url="file://D:/software/AndroidStudio/Sdk/platforms/android-30/data/res" type="simple" />
          </root>
        </classPath>
        <javadocPath>
          <root type="composite" />
        </javadocPath>
        <sourcePath>
          <root type="composite">
            <root url="file://D:/software/AndroidStudio/Sdk/sources/android-30" type="simple" />
          </root>
        </sourcePath>
      </roots>
      <additional jdk="1.8" sdk="android-30" />
    </jdk>
    <jdk version="2">
      <name value="Android API 31 Platform" />
      <type value="Android SDK" />
      <version value="java version &quot;1.8.0_281&quot;" />
      <homePath value="D:/software/AndroidStudio/SDK" />
      <roots>
        <annotationsPath>
          <root type="composite">
            <root url="jar://D:/software/AndroidStudio/Sdk/platforms/android-31/data/annotations.zip!/" type="simple" />
          </root>
        </annotationsPath>
        <classPath>
          <root type="composite">
            <root url="jar://D:/software/AndroidStudio/Sdk/platforms/android-31/android.jar!/" type="simple" />
            <root url="file://D:/software/AndroidStudio/Sdk/platforms/android-31/data/res" type="simple" />
          </root>
        </classPath>
        <javadocPath>
          <root type="composite">
            <root url="http://developer.android.com/reference/" type="simple" />
          </root>
        </javadocPath>
        <sourcePath>
          <root type="composite" />
        </sourcePath>
      </roots>
      <additional jdk="1.8" sdk="android-31" />
    </jdk>
  </component>
</application>