<application>
  <component name="ProjectJdkTable">
    <jdk version="2">
      <name value="Kotlin SDK" />
      <type value="KotlinSDK" />
      <homePath value="$KOTLIN_BUNDLED$" />
      <roots>
        <annotationsPath>
          <root type="composite" />
        </annotationsPath>
        <classPath>
          <root type="composite" />
        </classPath>
        <javadocPath>
          <root type="composite" />
        </javadocPath>
        <sourcePath>
          <root type="composite" />
        </sourcePath>
      </roots>
      <additional />
    </jdk>
    <jdk version="2">
      <name value="1.8" />
      <type value="JavaSDK" />
      <version value="java version &quot;1.8.0_281&quot;" />
      <homePath value="D:\software\JDK8" />
      <roots>
        <annotationsPath>
          <root type="composite">
            <root url="jar://$APPLICATION_HOME_DIR$/plugins/java/lib/jdkAnnotations.jar!/" type="simple" />
          </root>
        </annotationsPath>
        <classPath>
          <root type="composite">
            <root url="jar://D:/software/JDK8/jre/lib/charsets.jar!/" type="simple" />
            <root url="jar://D:/software/JDK8/jre/lib/deploy.jar!/" type="simple" />
            <root url="jar://D:/software/JDK8/jre/lib/ext/access-bridge-64.jar!/" type="simple" />
            <root url="jar://D:/software/JDK8/jre/lib/ext/cldrdata.jar!/" type="simple" />
            <root url="jar://D:/software/JDK8/jre/lib/ext/dnsns.jar!/" type="simple" />
            <root url="jar://D:/software/JDK8/jre/lib/ext/jaccess.jar!/" type="simple" />
            <root url="jar://D:/software/JDK8/jre/lib/ext/jfxrt.jar!/" type="simple" />
            <root url="jar://D:/software/JDK8/jre/lib/ext/localedata.jar!/" type="simple" />
            <root url="jar://D:/software/JDK8/jre/lib/ext/nashorn.jar!/" type="simple" />
            <root url="jar://D:/software/JDK8/jre/lib/ext/sunec.jar!/" type="simple" />
            <root url="jar://D:/software/JDK8/jre/lib/ext/sunjce_provider.jar!/" type="simple" />
            <root url="jar://D:/software/JDK8/jre/lib/ext/sunmscapi.jar!/" type="simple" />
            <root url="jar://D:/software/JDK8/jre/lib/ext/sunpkcs11.jar!/" type="simple" />
            <root url="jar://D:/software/JDK8/jre/lib/ext/zipfs.jar!/" type="simple" />
            <root url="jar://D:/software/JDK8/jre/lib/javaws.jar!/" type="simple" />
            <root url="jar://D:/software/JDK8/jre/lib/jce.jar!/" type="simple" />
            <root url="jar://D:/software/JDK8/jre/lib/jfr.jar!/" type="simple" />
            <root url="jar://D:/software/JDK8/jre/lib/jfxswt.jar!/" type="simple" />
            <root url="jar://D:/software/JDK8/jre/lib/jsse.jar!/" type="simple" />
            <root url="jar://D:/software/JDK8/jre/lib/management-agent.jar!/" type="simple" />
            <root url="jar://D:/software/JDK8/jre/lib/plugin.jar!/" type="simple" />
            <root url="jar://D:/software/JDK8/jre/lib/resources.jar!/" type="simple" />
            <root url="jar://D:/software/JDK8/jre/lib/rt.jar!/" type="simple" />
            <root url="jar:///Library/Java/JavaVirtualMachines/jdk1.8.0_301.jdk/Contents/Home/jre/lib/charsets.jar!/" type="simple" />
            <root url="jar:///Library/Java/JavaVirtualMachines/jdk1.8.0_301.jdk/Contents/Home/jre/lib/deploy.jar!/" type="simple" />
            <root url="jar:///Library/Java/JavaVirtualMachines/jdk1.8.0_301.jdk/Contents/Home/jre/lib/ext/cldrdata.jar!/" type="simple" />
            <root url="jar:///Library/Java/JavaVirtualMachines/jdk1.8.0_301.jdk/Contents/Home/jre/lib/ext/dnsns.jar!/" type="simple" />
            <root url="jar:///Library/Java/JavaVirtualMachines/jdk1.8.0_301.jdk/Contents/Home/jre/lib/ext/jaccess.jar!/" type="simple" />
            <root url="jar:///Library/Java/JavaVirtualMachines/jdk1.8.0_301.jdk/Contents/Home/jre/lib/ext/jfxrt.jar!/" type="simple" />
            <root url="jar:///Library/Java/JavaVirtualMachines/jdk1.8.0_301.jdk/Contents/Home/jre/lib/ext/localedata.jar!/" type="simple" />
            <root url="jar:///Library/Java/JavaVirtualMachines/jdk1.8.0_301.jdk/Contents/Home/jre/lib/ext/nashorn.jar!/" type="simple" />
            <root url="jar:///Library/Java/JavaVirtualMachines/jdk1.8.0_301.jdk/Contents/Home/jre/lib/ext/sunec.jar!/" type="simple" />
            <root url="jar:///Library/Java/JavaVirtualMachines/jdk1.8.0_301.jdk/Contents/Home/jre/lib/ext/sunjce_provider.jar!/" type="simple" />
            <root url="jar:///Library/Java/JavaVirtualMachines/jdk1.8.0_301.jdk/Contents/Home/jre/lib/ext/sunpkcs11.jar!/" type="simple" />
            <root url="jar:///Library/Java/JavaVirtualMachines/jdk1.8.0_301.jdk/Contents/Home/jre/lib/ext/zipfs.jar!/" type="simple" />
            <root url="jar:///Library/Java/JavaVirtualMachines/jdk1.8.0_301.jdk/Contents/Home/jre/lib/javaws.jar!/" type="simple" />
            <root url="jar:///Library/Java/JavaVirtualMachines/jdk1.8.0_301.jdk/Contents/Home/jre/lib/jce.jar!/" type="simple" />
            <root url="jar:///Library/Java/JavaVirtualMachines/jdk1.8.0_301.jdk/Contents/Home/jre/lib/jfr.jar!/" type="simple" />
            <root url="jar:///Library/Java/JavaVirtualMachines/jdk1.8.0_301.jdk/Contents/Home/jre/lib/jfxswt.jar!/" type="simple" />
            <root url="jar:///Library/Java/JavaVirtualMachines/jdk1.8.0_301.jdk/Contents/Home/jre/lib/jsse.jar!/" type="simple" />
            <root url="jar:///Library/Java/JavaVirtualMachines/jdk1.8.0_301.jdk/Contents/Home/jre/lib/management-agent.jar!/" type="simple" />
            <root url="jar:///Library/Java/JavaVirtualMachines/jdk1.8.0_301.jdk/Contents/Home/jre/lib/plugin.jar!/" type="simple" />
            <root url="jar:///Library/Java/JavaVirtualMachines/jdk1.8.0_301.jdk/Contents/Home/jre/lib/resources.jar!/" type="simple" />
            <root url="jar:///Library/Java/JavaVirtualMachines/jdk1.8.0_301.jdk/Contents/Home/jre/lib/rt.jar!/" type="simple" />
            <root url="jar:///Library/Java/JavaVirtualMachines/jdk1.8.0_301.jdk/Contents/Home/lib/ant-javafx.jar!/" type="simple" />
            <root url="jar:///Library/Java/JavaVirtualMachines/jdk1.8.0_301.jdk/Contents/Home/lib/dt.jar!/" type="simple" />
            <root url="jar:///Library/Java/JavaVirtualMachines/jdk1.8.0_301.jdk/Contents/Home/lib/javafx-mx.jar!/" type="simple" />
            <root url="jar:///Library/Java/JavaVirtualMachines/jdk1.8.0_301.jdk/Contents/Home/lib/jconsole.jar!/" type="simple" />
            <root url="jar:///Library/Java/JavaVirtualMachines/jdk1.8.0_301.jdk/Contents/Home/lib/packager.jar!/" type="simple" />
            <root url="jar:///Library/Java/JavaVirtualMachines/jdk1.8.0_301.jdk/Contents/Home/lib/sa-jdi.jar!/" type="simple" />
            <root url="jar:///Library/Java/JavaVirtualMachines/jdk1.8.0_301.jdk/Contents/Home/lib/tools.jar!/" type="simple" />
          </root>
        </classPath>
        <javadocPath>
          <root type="composite" />
        </javadocPath>
        <sourcePath>
          <root type="composite">
            <root url="jar://D:/software/JDK8/src.zip!/" type="simple" />
            <root url="jar://D:/software/JDK8/javafx-src.zip!/" type="simple" />
            <root url="jar:///Library/Java/JavaVirtualMachines/jdk1.8.0_301.jdk/Contents/Home/src.zip!/" type="simple" />
            <root url="jar:///Library/Java/JavaVirtualMachines/jdk1.8.0_301.jdk/Contents/Home/javafx-src.zip!/" type="simple" />
          </root>
        </sourcePath>
      </roots>
      <additional />
    </jdk>
    <jdk version="2">
      <name value="11" />
      <type value="JavaSDK" />
      <homePath value="$APPLICATION_HOME_DIR$/jre/jdk/Contents/Home" />
      <roots>
        <annotationsPath>
          <root type="composite">
            <root url="jar://$APPLICATION_HOME_DIR$/plugins/java/lib/jdkAnnotations.jar!/" type="simple" />
          </root>
        </annotationsPath>
        <classPath>
          <root type="composite">
            <root url="jrt:///Applications/Android Studio.app/Contents/jre/jdk/Contents/Home!/java.base" type="simple" />
            <root url="jrt:///Applications/Android Studio.app/Contents/jre/jdk/Contents/Home!/java.compiler" type="simple" />
            <root url="jrt:///Applications/Android Studio.app/Contents/jre/jdk/Contents/Home!/java.datatransfer" type="simple" />
            <root url="jrt:///Applications/Android Studio.app/Contents/jre/jdk/Contents/Home!/java.desktop" type="simple" />
            <root url="jrt:///Applications/Android Studio.app/Contents/jre/jdk/Contents/Home!/java.instrument" type="simple" />
            <root url="jrt:///Applications/Android Studio.app/Contents/jre/jdk/Contents/Home!/java.logging" type="simple" />
            <root url="jrt:///Applications/Android Studio.app/Contents/jre/jdk/Contents/Home!/java.management" type="simple" />
            <root url="jrt:///Applications/Android Studio.app/Contents/jre/jdk/Contents/Home!/java.management.rmi" type="simple" />
            <root url="jrt:///Applications/Android Studio.app/Contents/jre/jdk/Contents/Home!/java.naming" type="simple" />
            <root url="jrt:///Applications/Android Studio.app/Contents/jre/jdk/Contents/Home!/java.net.http" type="simple" />
            <root url="jrt:///Applications/Android Studio.app/Contents/jre/jdk/Contents/Home!/java.prefs" type="simple" />
            <root url="jrt:///Applications/Android Studio.app/Contents/jre/jdk/Contents/Home!/java.rmi" type="simple" />
            <root url="jrt:///Applications/Android Studio.app/Contents/jre/jdk/Contents/Home!/java.scripting" type="simple" />
            <root url="jrt:///Applications/Android Studio.app/Contents/jre/jdk/Contents/Home!/java.se" type="simple" />
            <root url="jrt:///Applications/Android Studio.app/Contents/jre/jdk/Contents/Home!/java.security.jgss" type="simple" />
            <root url="jrt:///Applications/Android Studio.app/Contents/jre/jdk/Contents/Home!/java.security.sasl" type="simple" />
            <root url="jrt:///Applications/Android Studio.app/Contents/jre/jdk/Contents/Home!/java.smartcardio" type="simple" />
            <root url="jrt:///Applications/Android Studio.app/Contents/jre/jdk/Contents/Home!/java.sql" type="simple" />
            <root url="jrt:///Applications/Android Studio.app/Contents/jre/jdk/Contents/Home!/java.sql.rowset" type="simple" />
            <root url="jrt:///Applications/Android Studio.app/Contents/jre/jdk/Contents/Home!/java.transaction.xa" type="simple" />
            <root url="jrt:///Applications/Android Studio.app/Contents/jre/jdk/Contents/Home!/java.xml" type="simple" />
            <root url="jrt:///Applications/Android Studio.app/Contents/jre/jdk/Contents/Home!/java.xml.crypto" type="simple" />
            <root url="jrt:///Applications/Android Studio.app/Contents/jre/jdk/Contents/Home!/jdk.accessibility" type="simple" />
            <root url="jrt:///Applications/Android Studio.app/Contents/jre/jdk/Contents/Home!/jdk.aot" type="simple" />
            <root url="jrt:///Applications/Android Studio.app/Contents/jre/jdk/Contents/Home!/jdk.attach" type="simple" />
            <root url="jrt:///Applications/Android Studio.app/Contents/jre/jdk/Contents/Home!/jdk.charsets" type="simple" />
            <root url="jrt:///Applications/Android Studio.app/Contents/jre/jdk/Contents/Home!/jdk.compiler" type="simple" />
            <root url="jrt:///Applications/Android Studio.app/Contents/jre/jdk/Contents/Home!/jdk.crypto.cryptoki" type="simple" />
            <root url="jrt:///Applications/Android Studio.app/Contents/jre/jdk/Contents/Home!/jdk.crypto.ec" type="simple" />
            <root url="jrt:///Applications/Android Studio.app/Contents/jre/jdk/Contents/Home!/jdk.dynalink" type="simple" />
            <root url="jrt:///Applications/Android Studio.app/Contents/jre/jdk/Contents/Home!/jdk.hotspot.agent" type="simple" />
            <root url="jrt:///Applications/Android Studio.app/Contents/jre/jdk/Contents/Home!/jdk.httpserver" type="simple" />
            <root url="jrt:///Applications/Android Studio.app/Contents/jre/jdk/Contents/Home!/jdk.internal.ed" type="simple" />
            <root url="jrt:///Applications/Android Studio.app/Contents/jre/jdk/Contents/Home!/jdk.internal.jvmstat" type="simple" />
            <root url="jrt:///Applications/Android Studio.app/Contents/jre/jdk/Contents/Home!/jdk.internal.le" type="simple" />
            <root url="jrt:///Applications/Android Studio.app/Contents/jre/jdk/Contents/Home!/jdk.internal.vm.ci" type="simple" />
            <root url="jrt:///Applications/Android Studio.app/Contents/jre/jdk/Contents/Home!/jdk.internal.vm.compiler" type="simple" />
            <root url="jrt:///Applications/Android Studio.app/Contents/jre/jdk/Contents/Home!/jdk.internal.vm.compiler.management" type="simple" />
            <root url="jrt:///Applications/Android Studio.app/Contents/jre/jdk/Contents/Home!/jdk.javadoc" type="simple" />
            <root url="jrt:///Applications/Android Studio.app/Contents/jre/jdk/Contents/Home!/jdk.jdi" type="simple" />
            <root url="jrt:///Applications/Android Studio.app/Contents/jre/jdk/Contents/Home!/jdk.jdwp.agent" type="simple" />
            <root url="jrt:///Applications/Android Studio.app/Contents/jre/jdk/Contents/Home!/jdk.jfr" type="simple" />
            <root url="jrt:///Applications/Android Studio.app/Contents/jre/jdk/Contents/Home!/jdk.jsobject" type="simple" />
            <root url="jrt:///Applications/Android Studio.app/Contents/jre/jdk/Contents/Home!/jdk.localedata" type="simple" />
            <root url="jrt:///Applications/Android Studio.app/Contents/jre/jdk/Contents/Home!/jdk.management" type="simple" />
            <root url="jrt:///Applications/Android Studio.app/Contents/jre/jdk/Contents/Home!/jdk.management.agent" type="simple" />
            <root url="jrt:///Applications/Android Studio.app/Contents/jre/jdk/Contents/Home!/jdk.management.jfr" type="simple" />
            <root url="jrt:///Applications/Android Studio.app/Contents/jre/jdk/Contents/Home!/jdk.naming.dns" type="simple" />
            <root url="jrt:///Applications/Android Studio.app/Contents/jre/jdk/Contents/Home!/jdk.naming.rmi" type="simple" />
            <root url="jrt:///Applications/Android Studio.app/Contents/jre/jdk/Contents/Home!/jdk.net" type="simple" />
            <root url="jrt:///Applications/Android Studio.app/Contents/jre/jdk/Contents/Home!/jdk.pack" type="simple" />
            <root url="jrt:///Applications/Android Studio.app/Contents/jre/jdk/Contents/Home!/jdk.scripting.nashorn" type="simple" />
            <root url="jrt:///Applications/Android Studio.app/Contents/jre/jdk/Contents/Home!/jdk.scripting.nashorn.shell" type="simple" />
            <root url="jrt:///Applications/Android Studio.app/Contents/jre/jdk/Contents/Home!/jdk.sctp" type="simple" />
            <root url="jrt:///Applications/Android Studio.app/Contents/jre/jdk/Contents/Home!/jdk.security.auth" type="simple" />
            <root url="jrt:///Applications/Android Studio.app/Contents/jre/jdk/Contents/Home!/jdk.security.jgss" type="simple" />
            <root url="jrt:///Applications/Android Studio.app/Contents/jre/jdk/Contents/Home!/jdk.unsupported" type="simple" />
            <root url="jrt:///Applications/Android Studio.app/Contents/jre/jdk/Contents/Home!/jdk.xml.dom" type="simple" />
            <root url="jrt:///Applications/Android Studio.app/Contents/jre/jdk/Contents/Home!/jdk.zipfs" type="simple" />
          </root>
        </classPath>
        <javadocPath>
          <root type="composite">
            <root url="https://docs.oracle.com/en/java/javase/11/docs/api/" type="simple" />
          </root>
        </javadocPath>
        <sourcePath>
          <root type="composite" />
        </sourcePath>
      </roots>
      <additional />
    </jdk>
    <jdk version="2">
      <name value="11 (2)" />
      <type value="JavaSDK" />
      <homePath value="$APPLICATION_HOME_DIR$/jre/jdk/Contents/Home" />
      <roots>
        <annotationsPath>
          <root type="composite">
            <root url="jar://$APPLICATION_HOME_DIR$/plugins/java/lib/jdkAnnotations.jar!/" type="simple" />
          </root>
        </annotationsPath>
        <classPath>
          <root type="composite">
            <root url="jrt:///Applications/Android Studio.app/Contents/jre/jdk/Contents/Home!/java.base" type="simple" />
            <root url="jrt:///Applications/Android Studio.app/Contents/jre/jdk/Contents/Home!/java.compiler" type="simple" />
            <root url="jrt:///Applications/Android Studio.app/Contents/jre/jdk/Contents/Home!/java.datatransfer" type="simple" />
            <root url="jrt:///Applications/Android Studio.app/Contents/jre/jdk/Contents/Home!/java.desktop" type="simple" />
            <root url="jrt:///Applications/Android Studio.app/Contents/jre/jdk/Contents/Home!/java.instrument" type="simple" />
            <root url="jrt:///Applications/Android Studio.app/Contents/jre/jdk/Contents/Home!/java.logging" type="simple" />
            <root url="jrt:///Applications/Android Studio.app/Contents/jre/jdk/Contents/Home!/java.management" type="simple" />
            <root url="jrt:///Applications/Android Studio.app/Contents/jre/jdk/Contents/Home!/java.management.rmi" type="simple" />
            <root url="jrt:///Applications/Android Studio.app/Contents/jre/jdk/Contents/Home!/java.naming" type="simple" />
            <root url="jrt:///Applications/Android Studio.app/Contents/jre/jdk/Contents/Home!/java.net.http" type="simple" />
            <root url="jrt:///Applications/Android Studio.app/Contents/jre/jdk/Contents/Home!/java.prefs" type="simple" />
            <root url="jrt:///Applications/Android Studio.app/Contents/jre/jdk/Contents/Home!/java.rmi" type="simple" />
            <root url="jrt:///Applications/Android Studio.app/Contents/jre/jdk/Contents/Home!/java.scripting" type="simple" />
            <root url="jrt:///Applications/Android Studio.app/Contents/jre/jdk/Contents/Home!/java.se" type="simple" />
            <root url="jrt:///Applications/Android Studio.app/Contents/jre/jdk/Contents/Home!/java.security.jgss" type="simple" />
            <root url="jrt:///Applications/Android Studio.app/Contents/jre/jdk/Contents/Home!/java.security.sasl" type="simple" />
            <root url="jrt:///Applications/Android Studio.app/Contents/jre/jdk/Contents/Home!/java.smartcardio" type="simple" />
            <root url="jrt:///Applications/Android Studio.app/Contents/jre/jdk/Contents/Home!/java.sql" type="simple" />
            <root url="jrt:///Applications/Android Studio.app/Contents/jre/jdk/Contents/Home!/java.sql.rowset" type="simple" />
            <root url="jrt:///Applications/Android Studio.app/Contents/jre/jdk/Contents/Home!/java.transaction.xa" type="simple" />
            <root url="jrt:///Applications/Android Studio.app/Contents/jre/jdk/Contents/Home!/java.xml" type="simple" />
            <root url="jrt:///Applications/Android Studio.app/Contents/jre/jdk/Contents/Home!/java.xml.crypto" type="simple" />
            <root url="jrt:///Applications/Android Studio.app/Contents/jre/jdk/Contents/Home!/jdk.accessibility" type="simple" />
            <root url="jrt:///Applications/Android Studio.app/Contents/jre/jdk/Contents/Home!/jdk.aot" type="simple" />
            <root url="jrt:///Applications/Android Studio.app/Contents/jre/jdk/Contents/Home!/jdk.attach" type="simple" />
            <root url="jrt:///Applications/Android Studio.app/Contents/jre/jdk/Contents/Home!/jdk.charsets" type="simple" />
            <root url="jrt:///Applications/Android Studio.app/Contents/jre/jdk/Contents/Home!/jdk.compiler" type="simple" />
            <root url="jrt:///Applications/Android Studio.app/Contents/jre/jdk/Contents/Home!/jdk.crypto.cryptoki" type="simple" />
            <root url="jrt:///Applications/Android Studio.app/Contents/jre/jdk/Contents/Home!/jdk.crypto.ec" type="simple" />
            <root url="jrt:///Applications/Android Studio.app/Contents/jre/jdk/Contents/Home!/jdk.dynalink" type="simple" />
            <root url="jrt:///Applications/Android Studio.app/Contents/jre/jdk/Contents/Home!/jdk.hotspot.agent" type="simple" />
            <root url="jrt:///Applications/Android Studio.app/Contents/jre/jdk/Contents/Home!/jdk.httpserver" type="simple" />
            <root url="jrt:///Applications/Android Studio.app/Contents/jre/jdk/Contents/Home!/jdk.internal.ed" type="simple" />
            <root url="jrt:///Applications/Android Studio.app/Contents/jre/jdk/Contents/Home!/jdk.internal.jvmstat" type="simple" />
            <root url="jrt:///Applications/Android Studio.app/Contents/jre/jdk/Contents/Home!/jdk.internal.le" type="simple" />
            <root url="jrt:///Applications/Android Studio.app/Contents/jre/jdk/Contents/Home!/jdk.internal.vm.ci" type="simple" />
            <root url="jrt:///Applications/Android Studio.app/Contents/jre/jdk/Contents/Home!/jdk.internal.vm.compiler" type="simple" />
            <root url="jrt:///Applications/Android Studio.app/Contents/jre/jdk/Contents/Home!/jdk.internal.vm.compiler.management" type="simple" />
            <root url="jrt:///Applications/Android Studio.app/Contents/jre/jdk/Contents/Home!/jdk.javadoc" type="simple" />
            <root url="jrt:///Applications/Android Studio.app/Contents/jre/jdk/Contents/Home!/jdk.jdi" type="simple" />
            <root url="jrt:///Applications/Android Studio.app/Contents/jre/jdk/Contents/Home!/jdk.jdwp.agent" type="simple" />
            <root url="jrt:///Applications/Android Studio.app/Contents/jre/jdk/Contents/Home!/jdk.jfr" type="simple" />
            <root url="jrt:///Applications/Android Studio.app/Contents/jre/jdk/Contents/Home!/jdk.jsobject" type="simple" />
            <root url="jrt:///Applications/Android Studio.app/Contents/jre/jdk/Contents/Home!/jdk.localedata" type="simple" />
            <root url="jrt:///Applications/Android Studio.app/Contents/jre/jdk/Contents/Home!/jdk.management" type="simple" />
            <root url="jrt:///Applications/Android Studio.app/Contents/jre/jdk/Contents/Home!/jdk.management.agent" type="simple" />
            <root url="jrt:///Applications/Android Studio.app/Contents/jre/jdk/Contents/Home!/jdk.management.jfr" type="simple" />
            <root url="jrt:///Applications/Android Studio.app/Contents/jre/jdk/Contents/Home!/jdk.naming.dns" type="simple" />
            <root url="jrt:///Applications/Android Studio.app/Contents/jre/jdk/Contents/Home!/jdk.naming.rmi" type="simple" />
            <root url="jrt:///Applications/Android Studio.app/Contents/jre/jdk/Contents/Home!/jdk.net" type="simple" />
            <root url="jrt:///Applications/Android Studio.app/Contents/jre/jdk/Contents/Home!/jdk.pack" type="simple" />
            <root url="jrt:///Applications/Android Studio.app/Contents/jre/jdk/Contents/Home!/jdk.scripting.nashorn" type="simple" />
            <root url="jrt:///Applications/Android Studio.app/Contents/jre/jdk/Contents/Home!/jdk.scripting.nashorn.shell" type="simple" />
            <root url="jrt:///Applications/Android Studio.app/Contents/jre/jdk/Contents/Home!/jdk.sctp" type="simple" />
            <root url="jrt:///Applications/Android Studio.app/Contents/jre/jdk/Contents/Home!/jdk.security.auth" type="simple" />
            <root url="jrt:///Applications/Android Studio.app/Contents/jre/jdk/Contents/Home!/jdk.security.jgss" type="simple" />
            <root url="jrt:///Applications/Android Studio.app/Contents/jre/jdk/Contents/Home!/jdk.unsupported" type="simple" />
            <root url="jrt:///Applications/Android Studio.app/Contents/jre/jdk/Contents/Home!/jdk.xml.dom" type="simple" />
            <root url="jrt:///Applications/Android Studio.app/Contents/jre/jdk/Contents/Home!/jdk.zipfs" type="simple" />
          </root>
        </classPath>
        <javadocPath>
          <root type="composite">
            <root url="https://docs.oracle.com/en/java/javase/11/docs/api/" type="simple" />
          </root>
        </javadocPath>
        <sourcePath>
          <root type="composite" />
        </sourcePath>
      </roots>
      <additional />
    </jdk>
    <jdk version="2">
      <name value="11 (3)" />
      <type value="JavaSDK" />
      <version value="java version &quot;11.0.8&quot;" />
      <homePath value="$APPLICATION_HOME_DIR$/jre" />
      <roots>
        <annotationsPath>
          <root type="composite">
            <root url="jar://$APPLICATION_HOME_DIR$/plugins/java/lib/jdkAnnotations.jar!/" type="simple" />
          </root>
        </annotationsPath>
        <classPath>
          <root type="composite">
            <root url="jrt://D:/software/AndroidStudio/AS/jre!/java.base" type="simple" />
            <root url="jrt://D:/software/AndroidStudio/AS/jre!/java.compiler" type="simple" />
            <root url="jrt://D:/software/AndroidStudio/AS/jre!/java.datatransfer" type="simple" />
            <root url="jrt://D:/software/AndroidStudio/AS/jre!/java.desktop" type="simple" />
            <root url="jrt://D:/software/AndroidStudio/AS/jre!/java.instrument" type="simple" />
            <root url="jrt://D:/software/AndroidStudio/AS/jre!/java.logging" type="simple" />
            <root url="jrt://D:/software/AndroidStudio/AS/jre!/java.management" type="simple" />
            <root url="jrt://D:/software/AndroidStudio/AS/jre!/java.management.rmi" type="simple" />
            <root url="jrt://D:/software/AndroidStudio/AS/jre!/java.naming" type="simple" />
            <root url="jrt://D:/software/AndroidStudio/AS/jre!/java.net.http" type="simple" />
            <root url="jrt://D:/software/AndroidStudio/AS/jre!/java.prefs" type="simple" />
            <root url="jrt://D:/software/AndroidStudio/AS/jre!/java.rmi" type="simple" />
            <root url="jrt://D:/software/AndroidStudio/AS/jre!/java.scripting" type="simple" />
            <root url="jrt://D:/software/AndroidStudio/AS/jre!/java.se" type="simple" />
            <root url="jrt://D:/software/AndroidStudio/AS/jre!/java.security.jgss" type="simple" />
            <root url="jrt://D:/software/AndroidStudio/AS/jre!/java.security.sasl" type="simple" />
            <root url="jrt://D:/software/AndroidStudio/AS/jre!/java.smartcardio" type="simple" />
            <root url="jrt://D:/software/AndroidStudio/AS/jre!/java.sql" type="simple" />
            <root url="jrt://D:/software/AndroidStudio/AS/jre!/java.sql.rowset" type="simple" />
            <root url="jrt://D:/software/AndroidStudio/AS/jre!/java.transaction.xa" type="simple" />
            <root url="jrt://D:/software/AndroidStudio/AS/jre!/java.xml" type="simple" />
            <root url="jrt://D:/software/AndroidStudio/AS/jre!/java.xml.crypto" type="simple" />
            <root url="jrt://D:/software/AndroidStudio/AS/jre!/jdk.accessibility" type="simple" />
            <root url="jrt://D:/software/AndroidStudio/AS/jre!/jdk.aot" type="simple" />
            <root url="jrt://D:/software/AndroidStudio/AS/jre!/jdk.attach" type="simple" />
            <root url="jrt://D:/software/AndroidStudio/AS/jre!/jdk.charsets" type="simple" />
            <root url="jrt://D:/software/AndroidStudio/AS/jre!/jdk.compiler" type="simple" />
            <root url="jrt://D:/software/AndroidStudio/AS/jre!/jdk.crypto.cryptoki" type="simple" />
            <root url="jrt://D:/software/AndroidStudio/AS/jre!/jdk.crypto.ec" type="simple" />
            <root url="jrt://D:/software/AndroidStudio/AS/jre!/jdk.dynalink" type="simple" />
            <root url="jrt://D:/software/AndroidStudio/AS/jre!/jdk.hotspot.agent" type="simple" />
            <root url="jrt://D:/software/AndroidStudio/AS/jre!/jdk.httpserver" type="simple" />
            <root url="jrt://D:/software/AndroidStudio/AS/jre!/jdk.internal.ed" type="simple" />
            <root url="jrt://D:/software/AndroidStudio/AS/jre!/jdk.internal.jvmstat" type="simple" />
            <root url="jrt://D:/software/AndroidStudio/AS/jre!/jdk.internal.le" type="simple" />
            <root url="jrt://D:/software/AndroidStudio/AS/jre!/jdk.internal.vm.ci" type="simple" />
            <root url="jrt://D:/software/AndroidStudio/AS/jre!/jdk.internal.vm.compiler" type="simple" />
            <root url="jrt://D:/software/AndroidStudio/AS/jre!/jdk.internal.vm.compiler.management" type="simple" />
            <root url="jrt://D:/software/AndroidStudio/AS/jre!/jdk.javadoc" type="simple" />
            <root url="jrt://D:/software/AndroidStudio/AS/jre!/jdk.jdi" type="simple" />
            <root url="jrt://D:/software/AndroidStudio/AS/jre!/jdk.jdwp.agent" type="simple" />
            <root url="jrt://D:/software/AndroidStudio/AS/jre!/jdk.jfr" type="simple" />
            <root url="jrt://D:/software/AndroidStudio/AS/jre!/jdk.jsobject" type="simple" />
            <root url="jrt://D:/software/AndroidStudio/AS/jre!/jdk.localedata" type="simple" />
            <root url="jrt://D:/software/AndroidStudio/AS/jre!/jdk.management" type="simple" />
            <root url="jrt://D:/software/AndroidStudio/AS/jre!/jdk.management.agent" type="simple" />
            <root url="jrt://D:/software/AndroidStudio/AS/jre!/jdk.management.jfr" type="simple" />
            <root url="jrt://D:/software/AndroidStudio/AS/jre!/jdk.naming.dns" type="simple" />
            <root url="jrt://D:/software/AndroidStudio/AS/jre!/jdk.naming.rmi" type="simple" />
            <root url="jrt://D:/software/AndroidStudio/AS/jre!/jdk.net" type="simple" />
            <root url="jrt://D:/software/AndroidStudio/AS/jre!/jdk.pack" type="simple" />
            <root url="jrt://D:/software/AndroidStudio/AS/jre!/jdk.scripting.nashorn" type="simple" />
            <root url="jrt://D:/software/AndroidStudio/AS/jre!/jdk.scripting.nashorn.shell" type="simple" />
            <root url="jrt://D:/software/AndroidStudio/AS/jre!/jdk.sctp" type="simple" />
            <root url="jrt://D:/software/AndroidStudio/AS/jre!/jdk.security.auth" type="simple" />
            <root url="jrt://D:/software/AndroidStudio/AS/jre!/jdk.security.jgss" type="simple" />
            <root url="jrt://D:/software/AndroidStudio/AS/jre!/jdk.unsupported" type="simple" />
            <root url="jrt://D:/software/AndroidStudio/AS/jre!/jdk.xml.dom" type="simple" />
            <root url="jrt://D:/software/AndroidStudio/AS/jre!/jdk.zipfs" type="simple" />
          </root>
        </classPath>
        <javadocPath>
          <root type="composite">
            <root url="https://docs.oracle.com/en/java/javase/11/docs/api/" type="simple" />
          </root>
        </javadocPath>
        <sourcePath>
          <root type="composite" />
        </sourcePath>
      </roots>
      <additional />
    </jdk>
    <jdk version="2">
      <name value="11 (4)" />
      <type value="JavaSDK" />
      <homePath value="$APPLICATION_HOME_DIR$/jre" />
      <roots>
        <annotationsPath>
          <root type="composite">
            <root url="jar://$APPLICATION_HOME_DIR$/plugins/java/lib/jdkAnnotations.jar!/" type="simple" />
          </root>
        </annotationsPath>
        <classPath>
          <root type="composite">
            <root url="jrt://D:/software/AndroidStudio/AS/jre!/java.base" type="simple" />
            <root url="jrt://D:/software/AndroidStudio/AS/jre!/java.compiler" type="simple" />
            <root url="jrt://D:/software/AndroidStudio/AS/jre!/java.datatransfer" type="simple" />
            <root url="jrt://D:/software/AndroidStudio/AS/jre!/java.desktop" type="simple" />
            <root url="jrt://D:/software/AndroidStudio/AS/jre!/java.instrument" type="simple" />
            <root url="jrt://D:/software/AndroidStudio/AS/jre!/java.logging" type="simple" />
            <root url="jrt://D:/software/AndroidStudio/AS/jre!/java.management" type="simple" />
            <root url="jrt://D:/software/AndroidStudio/AS/jre!/java.management.rmi" type="simple" />
            <root url="jrt://D:/software/AndroidStudio/AS/jre!/java.naming" type="simple" />
            <root url="jrt://D:/software/AndroidStudio/AS/jre!/java.net.http" type="simple" />
            <root url="jrt://D:/software/AndroidStudio/AS/jre!/java.prefs" type="simple" />
            <root url="jrt://D:/software/AndroidStudio/AS/jre!/java.rmi" type="simple" />
            <root url="jrt://D:/software/AndroidStudio/AS/jre!/java.scripting" type="simple" />
            <root url="jrt://D:/software/AndroidStudio/AS/jre!/java.se" type="simple" />
            <root url="jrt://D:/software/AndroidStudio/AS/jre!/java.security.jgss" type="simple" />
            <root url="jrt://D:/software/AndroidStudio/AS/jre!/java.security.sasl" type="simple" />
            <root url="jrt://D:/software/AndroidStudio/AS/jre!/java.smartcardio" type="simple" />
            <root url="jrt://D:/software/AndroidStudio/AS/jre!/java.sql" type="simple" />
            <root url="jrt://D:/software/AndroidStudio/AS/jre!/java.sql.rowset" type="simple" />
            <root url="jrt://D:/software/AndroidStudio/AS/jre!/java.transaction.xa" type="simple" />
            <root url="jrt://D:/software/AndroidStudio/AS/jre!/java.xml" type="simple" />
            <root url="jrt://D:/software/AndroidStudio/AS/jre!/java.xml.crypto" type="simple" />
            <root url="jrt://D:/software/AndroidStudio/AS/jre!/jdk.accessibility" type="simple" />
            <root url="jrt://D:/software/AndroidStudio/AS/jre!/jdk.aot" type="simple" />
            <root url="jrt://D:/software/AndroidStudio/AS/jre!/jdk.attach" type="simple" />
            <root url="jrt://D:/software/AndroidStudio/AS/jre!/jdk.charsets" type="simple" />
            <root url="jrt://D:/software/AndroidStudio/AS/jre!/jdk.compiler" type="simple" />
            <root url="jrt://D:/software/AndroidStudio/AS/jre!/jdk.crypto.cryptoki" type="simple" />
            <root url="jrt://D:/software/AndroidStudio/AS/jre!/jdk.crypto.ec" type="simple" />
            <root url="jrt://D:/software/AndroidStudio/AS/jre!/jdk.dynalink" type="simple" />
            <root url="jrt://D:/software/AndroidStudio/AS/jre!/jdk.hotspot.agent" type="simple" />
            <root url="jrt://D:/software/AndroidStudio/AS/jre!/jdk.httpserver" type="simple" />
            <root url="jrt://D:/software/AndroidStudio/AS/jre!/jdk.internal.ed" type="simple" />
            <root url="jrt://D:/software/AndroidStudio/AS/jre!/jdk.internal.jvmstat" type="simple" />
            <root url="jrt://D:/software/AndroidStudio/AS/jre!/jdk.internal.le" type="simple" />
            <root url="jrt://D:/software/AndroidStudio/AS/jre!/jdk.internal.vm.ci" type="simple" />
            <root url="jrt://D:/software/AndroidStudio/AS/jre!/jdk.internal.vm.compiler" type="simple" />
            <root url="jrt://D:/software/AndroidStudio/AS/jre!/jdk.internal.vm.compiler.management" type="simple" />
            <root url="jrt://D:/software/AndroidStudio/AS/jre!/jdk.javadoc" type="simple" />
            <root url="jrt://D:/software/AndroidStudio/AS/jre!/jdk.jdi" type="simple" />
            <root url="jrt://D:/software/AndroidStudio/AS/jre!/jdk.jdwp.agent" type="simple" />
            <root url="jrt://D:/software/AndroidStudio/AS/jre!/jdk.jfr" type="simple" />
            <root url="jrt://D:/software/AndroidStudio/AS/jre!/jdk.jsobject" type="simple" />
            <root url="jrt://D:/software/AndroidStudio/AS/jre!/jdk.localedata" type="simple" />
            <root url="jrt://D:/software/AndroidStudio/AS/jre!/jdk.management" type="simple" />
            <root url="jrt://D:/software/AndroidStudio/AS/jre!/jdk.management.agent" type="simple" />
            <root url="jrt://D:/software/AndroidStudio/AS/jre!/jdk.management.jfr" type="simple" />
            <root url="jrt://D:/software/AndroidStudio/AS/jre!/jdk.naming.dns" type="simple" />
            <root url="jrt://D:/software/AndroidStudio/AS/jre!/jdk.naming.rmi" type="simple" />
            <root url="jrt://D:/software/AndroidStudio/AS/jre!/jdk.net" type="simple" />
            <root url="jrt://D:/software/AndroidStudio/AS/jre!/jdk.pack" type="simple" />
            <root url="jrt://D:/software/AndroidStudio/AS/jre!/jdk.scripting.nashorn" type="simple" />
            <root url="jrt://D:/software/AndroidStudio/AS/jre!/jdk.scripting.nashorn.shell" type="simple" />
            <root url="jrt://D:/software/AndroidStudio/AS/jre!/jdk.sctp" type="simple" />
            <root url="jrt://D:/software/AndroidStudio/AS/jre!/jdk.security.auth" type="simple" />
            <root url="jrt://D:/software/AndroidStudio/AS/jre!/jdk.security.jgss" type="simple" />
            <root url="jrt://D:/software/AndroidStudio/AS/jre!/jdk.unsupported" type="simple" />
            <root url="jrt://D:/software/AndroidStudio/AS/jre!/jdk.xml.dom" type="simple" />
            <root url="jrt://D:/software/AndroidStudio/AS/jre!/jdk.zipfs" type="simple" />
          </root>
        </classPath>
        <javadocPath>
          <root type="composite">
            <root url="https://docs.oracle.com/en/java/javase/11/docs/api/" type="simple" />
          </root>
        </javadocPath>
        <sourcePath>
          <root type="composite" />
        </sourcePath>
      </roots>
      <additional />
    </jdk>
    <jdk version="2">
      <name value="11 (5)" />
      <type value="JavaSDK" />
      <homePath value="$APPLICATION_HOME_DIR$/jre" />
      <roots>
        <annotationsPath>
          <root type="composite">
            <root url="jar://$APPLICATION_HOME_DIR$/plugins/java/lib/jdkAnnotations.jar!/" type="simple" />
          </root>
        </annotationsPath>
        <classPath>
          <root type="composite">
            <root url="jrt://D:/software/AndroidStudio/AS/jre!/java.base" type="simple" />
            <root url="jrt://D:/software/AndroidStudio/AS/jre!/java.compiler" type="simple" />
            <root url="jrt://D:/software/AndroidStudio/AS/jre!/java.datatransfer" type="simple" />
            <root url="jrt://D:/software/AndroidStudio/AS/jre!/java.desktop" type="simple" />
            <root url="jrt://D:/software/AndroidStudio/AS/jre!/java.instrument" type="simple" />
            <root url="jrt://D:/software/AndroidStudio/AS/jre!/java.logging" type="simple" />
            <root url="jrt://D:/software/AndroidStudio/AS/jre!/java.management" type="simple" />
            <root url="jrt://D:/software/AndroidStudio/AS/jre!/java.management.rmi" type="simple" />
            <root url="jrt://D:/software/AndroidStudio/AS/jre!/java.naming" type="simple" />
            <root url="jrt://D:/software/AndroidStudio/AS/jre!/java.net.http" type="simple" />
            <root url="jrt://D:/software/AndroidStudio/AS/jre!/java.prefs" type="simple" />
            <root url="jrt://D:/software/AndroidStudio/AS/jre!/java.rmi" type="simple" />
            <root url="jrt://D:/software/AndroidStudio/AS/jre!/java.scripting" type="simple" />
            <root url="jrt://D:/software/AndroidStudio/AS/jre!/java.se" type="simple" />
            <root url="jrt://D:/software/AndroidStudio/AS/jre!/java.security.jgss" type="simple" />
            <root url="jrt://D:/software/AndroidStudio/AS/jre!/java.security.sasl" type="simple" />
            <root url="jrt://D:/software/AndroidStudio/AS/jre!/java.smartcardio" type="simple" />
            <root url="jrt://D:/software/AndroidStudio/AS/jre!/java.sql" type="simple" />
            <root url="jrt://D:/software/AndroidStudio/AS/jre!/java.sql.rowset" type="simple" />
            <root url="jrt://D:/software/AndroidStudio/AS/jre!/java.transaction.xa" type="simple" />
            <root url="jrt://D:/software/AndroidStudio/AS/jre!/java.xml" type="simple" />
            <root url="jrt://D:/software/AndroidStudio/AS/jre!/java.xml.crypto" type="simple" />
            <root url="jrt://D:/software/AndroidStudio/AS/jre!/jdk.accessibility" type="simple" />
            <root url="jrt://D:/software/AndroidStudio/AS/jre!/jdk.aot" type="simple" />
            <root url="jrt://D:/software/AndroidStudio/AS/jre!/jdk.attach" type="simple" />
            <root url="jrt://D:/software/AndroidStudio/AS/jre!/jdk.charsets" type="simple" />
            <root url="jrt://D:/software/AndroidStudio/AS/jre!/jdk.compiler" type="simple" />
            <root url="jrt://D:/software/AndroidStudio/AS/jre!/jdk.crypto.cryptoki" type="simple" />
            <root url="jrt://D:/software/AndroidStudio/AS/jre!/jdk.crypto.ec" type="simple" />
            <root url="jrt://D:/software/AndroidStudio/AS/jre!/jdk.dynalink" type="simple" />
            <root url="jrt://D:/software/AndroidStudio/AS/jre!/jdk.hotspot.agent" type="simple" />
            <root url="jrt://D:/software/AndroidStudio/AS/jre!/jdk.httpserver" type="simple" />
            <root url="jrt://D:/software/AndroidStudio/AS/jre!/jdk.internal.ed" type="simple" />
            <root url="jrt://D:/software/AndroidStudio/AS/jre!/jdk.internal.jvmstat" type="simple" />
            <root url="jrt://D:/software/AndroidStudio/AS/jre!/jdk.internal.le" type="simple" />
            <root url="jrt://D:/software/AndroidStudio/AS/jre!/jdk.internal.vm.ci" type="simple" />
            <root url="jrt://D:/software/AndroidStudio/AS/jre!/jdk.internal.vm.compiler" type="simple" />
            <root url="jrt://D:/software/AndroidStudio/AS/jre!/jdk.internal.vm.compiler.management" type="simple" />
            <root url="jrt://D:/software/AndroidStudio/AS/jre!/jdk.javadoc" type="simple" />
            <root url="jrt://D:/software/AndroidStudio/AS/jre!/jdk.jdi" type="simple" />
            <root url="jrt://D:/software/AndroidStudio/AS/jre!/jdk.jdwp.agent" type="simple" />
            <root url="jrt://D:/software/AndroidStudio/AS/jre!/jdk.jfr" type="simple" />
            <root url="jrt://D:/software/AndroidStudio/AS/jre!/jdk.jsobject" type="simple" />
            <root url="jrt://D:/software/AndroidStudio/AS/jre!/jdk.localedata" type="simple" />
            <root url="jrt://D:/software/AndroidStudio/AS/jre!/jdk.management" type="simple" />
            <root url="jrt://D:/software/AndroidStudio/AS/jre!/jdk.management.agent" type="simple" />
            <root url="jrt://D:/software/AndroidStudio/AS/jre!/jdk.management.jfr" type="simple" />
            <root url="jrt://D:/software/AndroidStudio/AS/jre!/jdk.naming.dns" type="simple" />
            <root url="jrt://D:/software/AndroidStudio/AS/jre!/jdk.naming.rmi" type="simple" />
            <root url="jrt://D:/software/AndroidStudio/AS/jre!/jdk.net" type="simple" />
            <root url="jrt://D:/software/AndroidStudio/AS/jre!/jdk.pack" type="simple" />
            <root url="jrt://D:/software/AndroidStudio/AS/jre!/jdk.scripting.nashorn" type="simple" />
            <root url="jrt://D:/software/AndroidStudio/AS/jre!/jdk.scripting.nashorn.shell" type="simple" />
            <root url="jrt://D:/software/AndroidStudio/AS/jre!/jdk.sctp" type="simple" />
            <root url="jrt://D:/software/AndroidStudio/AS/jre!/jdk.security.auth" type="simple" />
            <root url="jrt://D:/software/AndroidStudio/AS/jre!/jdk.security.jgss" type="simple" />
            <root url="jrt://D:/software/AndroidStudio/AS/jre!/jdk.unsupported" type="simple" />
            <root url="jrt://D:/software/AndroidStudio/AS/jre!/jdk.xml.dom" type="simple" />
            <root url="jrt://D:/software/AndroidStudio/AS/jre!/jdk.zipfs" type="simple" />
          </root>
        </classPath>
        <javadocPath>
          <root type="composite">
            <root url="https://docs.oracle.com/en/java/javase/11/docs/api/" type="simple" />
          </root>
        </javadocPath>
        <sourcePath>
          <root type="composite" />
        </sourcePath>
      </roots>
      <additional />
    </jdk>
    <jdk version="2">
      <name value="Android API 29 Platform" />
      <type value="Android SDK" />
      <homePath value="D:/software/AndroidStudio/Sdk" />
      <roots>
        <annotationsPath>
          <root type="composite">
            <root url="jar://D:/software/AndroidStudio/SDK/platforms/android-29/data/annotations.zip!/" type="simple" />
          </root>
        </annotationsPath>
        <classPath>
          <root type="composite">
            <root url="jar://D:/software/AndroidStudio/SDK/platforms/android-29/android.jar!/" type="simple" />
            <root url="file://D:/software/AndroidStudio/SDK/platforms/android-29/data/res" type="simple" />
          </root>
        </classPath>
        <javadocPath>
          <root type="composite">
            <root url="http://developer.android.com/reference/" type="simple" />
          </root>
        </javadocPath>
        <sourcePath>
          <root type="composite" />
        </sourcePath>
      </roots>
      <additional jdk="1.8" sdk="android-29" />
    </jdk>
    <jdk version="2">
      <name value="Android API 30 Platform" />
      <type value="Android SDK" />
      <homePath value="D:/software/AndroidStudio/Sdk" />
      <roots>
        <annotationsPath>
          <root type="composite">
            <root url="jar://D:/software/AndroidStudio/SDK/platforms/android-30/data/annotations.zip!/" type="simple" />
          </root>
        </annotationsPath>
        <classPath>
          <root type="composite">
            <root url="jar://D:/software/AndroidStudio/SDK/platforms/android-30/android.jar!/" type="simple" />
            <root url="file://D:/software/AndroidStudio/SDK/platforms/android-30/data/res" type="simple" />
          </root>
        </classPath>
        <javadocPath>
          <root type="composite" />
        </javadocPath>
        <sourcePath>
          <root type="composite">
            <root url="file://D:/software/AndroidStudio/SDK/sources/android-30" type="simple" />
          </root>
        </sourcePath>
      </roots>
      <additional jdk="1.8" sdk="android-30" />
    </jdk>
    <jdk version="2">
      <name value="Android API 32 Platform" />
      <type value="Android SDK" />
      <homePath value="D:/software/AndroidStudio/Sdk" />
      <roots>
        <annotationsPath>
          <root type="composite">
            <root url="jar://D:/software/AndroidStudio/SDK/platforms/android-32/data/annotations.zip!/" type="simple" />
          </root>
        </annotationsPath>
        <classPath>
          <root type="composite">
            <root url="jar://D:/software/AndroidStudio/SDK/platforms/android-32/android.jar!/" type="simple" />
            <root url="file://D:/software/AndroidStudio/SDK/platforms/android-32/data/res" type="simple" />
          </root>
        </classPath>
        <javadocPath>
          <root type="composite">
            <root url="http://developer.android.com/reference/" type="simple" />
          </root>
        </javadocPath>
        <sourcePath>
          <root type="composite" />
        </sourcePath>
      </roots>
      <additional jdk="1.8" sdk="android-32" />
    </jdk>
  </component>
</application>