<application>
  <component name="DesignSurface">
    <option name="filePathToZoomLevelMap">
      <map>
        <entry key="../../../../layout/custom_preview.xml" value="0.30520833333333336" />
        <entry key="app/src/main/res/layout/activity_bh.xml" value="0.2682291666666667" />
        <entry key="app/src/main/res/layout/activity_group.xml" value="0.2682291666666667" />
        <entry key="app/src/main/res/layout/activity_group_addition.xml" value="0.2682291666666667" />
        <entry key="app/src/main/res/layout/activity_main.xml" value="0.1" />
        <entry key="app/src/main/res/layout/fragment_car_showrooms.xml" value="0.24791666666666667" />
        <entry key="app/src/main/res/layout/fragment_vehicle_mall.xml" value="0.6586294784214877" />
        <entry key="app/src/main/res/layout/item_device_list.xml" value="0.2682291666666667" />
      </map>
    </option>
  </component>
</application>