<application>
  <component name="UpdatesConfigurable">
    <enabledExternalComponentSources>
      <item value="Android SDK" />
    </enabledExternalComponentSources>
    <option name="externalUpdateChannels">
      <map>
        <entry key="Android SDK" value="Stable Channel" />
      </map>
    </option>
    <knownExternalComponentSources>
      <item value="Android SDK" />
    </knownExternalComponentSources>
    <option name="LAST_BUILD_CHECKED" value="AI-202.7660.26.42.7486908" />
    <option name="LAST_TIME_CHECKED" value="1629855702861" />
    <option name="THIRD_PARTY_PLUGINS_ALLOWED" value="true" />
  </component>
</application>